acceptance_rate,accepted_correct,accepted_incorrect,accepted_range_coverage,accepted_rounds,accepted_series_fraction,accepted_series_macro_coverage,accepted_source_fraction,accepted_source_macro_coverage,correct_acceptance_rate,fold,incorrect_acceptance_rate,method,overall_range_coverage,positive_rounds,rejected_range_coverage,rejected_rounds,rounds,target
0.692,161,12,0.930635838150289,173,0.7851239669421488,0.9201754385964912,0.8450704225352113,0.910489417989418,0.644,1,0.048,logistic_compact,0.848,212,0.6623376623376623,77,250,accept_0.70
0.716,158,21,0.88268156424581,179,0.8016528925619835,0.8630584192439863,0.9014084507042254,0.8402901785714286,0.632,2,0.084,logistic_compact,0.792,198,0.5633802816901409,71,250,accept_0.70
0.68,154,16,0.9058823529411765,170,0.7603305785123967,0.8927536231884058,0.8591549295774648,0.8683060109289618,0.616,3,0.064,logistic_compact,0.816,204,0.625,80,250,accept_0.70
0.724,164,17,0.9060773480662984,181,0.7642276422764228,0.9079787234042553,0.8333333333333334,0.8940873015873015,0.656,4,0.068,logistic_compact,0.824,206,0.6086956521739131,69,250,accept_0.70
0.6907630522088354,153,19,0.8895348837209303,172,0.7868852459016393,0.8793402777777778,0.8873239436619719,0.8455908289241623,0.6144578313253012,5,0.07630522088353414,logistic_compact,0.8313253012048193,207,0.7012987012987013,77,249,accept_0.70
0.732,168,15,0.9180327868852459,183,0.7933884297520661,0.9071180555555556,0.8450704225352113,0.8924338624338625,0.672,1,0.06,logistic_compact,0.848,212,0.6567164179104478,67,250,accept_0.75
0.78,170,25,0.8717948717948718,195,0.8264462809917356,0.8388333333333333,0.9014084507042254,0.8241443452380952,0.68,2,0.1,logistic_compact,0.792,198,0.509090909090909,55,250,accept_0.75
0.716,162,17,0.9050279329608939,179,0.7768595041322314,0.8911347517730497,0.8732394366197183,0.8672043010752688,0.648,3,0.068,logistic_compact,0.816,204,0.5915492957746479,71,250,accept_0.75
0.78,175,20,0.8974358974358975,195,0.8536585365853658,0.8953968253968254,0.9027777777777778,0.8804395604395604,0.7,4,0.08,logistic_compact,0.824,206,0.5636363636363636,55,250,accept_0.75
0.7429718875502008,165,20,0.8918918918918919,185,0.7868852459016393,0.8845486111111112,0.8873239436619719,0.8516754850088183,0.6626506024096386,5,0.08032128514056225,logistic_compact,0.8313253012048193,207,0.65625,64,249,accept_0.75
0.776,176,18,0.9072164948453608,194,0.8181818181818182,0.9015151515151515,0.8591549295774648,0.8931623021786956,0.704,1,0.072,logistic_compact,0.848,212,0.6428571428571429,56,250,accept_0.80
0.828,177,30,0.855072463768116,207,0.859504132231405,0.8209935897435897,0.9154929577464789,0.8037728937728937,0.708,2,0.12,logistic_compact,0.792,198,0.4883720930232558,43,250,accept_0.80
0.764,170,21,0.8900523560209425,191,0.8016528925619835,0.8836769759450172,0.9154929577464789,0.8528205128205129,0.68,3,0.084,logistic_compact,0.816,204,0.576271186440678,59,250,accept_0.80
0.82,181,24,0.8829268292682927,205,0.9024390243902439,0.871021021021021,0.9305555555555556,0.8578891257995735,0.724,4,0.096,logistic_compact,0.824,206,0.5555555555555556,45,250,accept_0.80
0.8152610441767069,179,24,0.8817733990147784,203,0.8360655737704918,0.876797385620915,0.9154929577464789,0.8344444444444444,0.7188755020080321,5,0.0963855421686747,logistic_compact,0.8313253012048193,207,0.6086956521739131,46,249,accept_0.80
0.816,182,22,0.8921568627450981,204,0.859504132231405,0.8854166666666666,0.9014084507042254,0.8802015692640692,0.728,1,0.088,logistic_compact,0.848,212,0.6521739130434783,46,250,accept_0.85
0.872,184,34,0.8440366972477065,218,0.8925619834710744,0.8072530864197531,0.9436619718309859,0.7917199715707178,0.736,2,0.136,logistic_compact,0.792,198,0.4375,32,250,accept_0.85
0.808,178,24,0.8811881188118812,202,0.8677685950413223,0.8731746031746032,0.9577464788732394,0.8561624649859944,0.712,3,0.096,logistic_compact,0.816,204,0.5416666666666666,48,250,accept_0.85
0.884,190,31,0.8597285067873304,221,0.9349593495934959,0.8428985507246377,0.9583333333333334,0.814423740510697,0.76,4,0.124,logistic_compact,0.824,206,0.5517241379310345,29,250,accept_0.85
0.8714859437751004,188,29,0.8663594470046083,217,0.9180327868852459,0.8505952380952381,0.971830985915493,0.8061996779388084,0.7550200803212851,5,0.11646586345381527,logistic_compact,0.8313253012048193,207,0.59375,32,249,accept_0.85
0.872,193,25,0.8853211009174312,218,0.9256198347107438,0.8787202380952381,0.9436619718309859,0.863177618401499,0.772,1,0.1,logistic_compact,0.848,212,0.59375,32,250,accept_0.90
0.9,189,36,0.84,225,0.9338842975206612,0.7980825958702065,0.9577464788732394,0.8000350140056023,0.756,2,0.144,logistic_compact,0.792,198,0.36,25,250,accept_0.90
0.86,186,29,0.8651162790697674,215,0.9008264462809917,0.8530581039755352,0.971830985915493,0.8350586611456177,0.744,3,0.116,logistic_compact,0.816,204,0.5142857142857142,35,250,accept_0.90
0.944,200,36,0.847457627118644,236,0.959349593495935,0.8411016949152542,0.9722222222222222,0.8099319727891157,0.8,4,0.144,logistic_compact,0.824,206,0.42857142857142855,14,250,accept_0.90
0.927710843373494,198,33,0.8571428571428571,231,0.9672131147540983,0.8419491525423729,1.0,0.7949921752738655,0.7951807228915663,5,0.13253012048192772,logistic_compact,0.8313253012048193,207,0.5,18,249,accept_0.90
0.692,163,10,0.9421965317919075,173,0.7603305785123967,0.9239130434782609,0.8732394366197183,0.9129928315412187,0.652,1,0.04,histgb_compact,0.848,212,0.6363636363636364,77,250,accept_0.70
0.72,159,21,0.8833333333333333,180,0.8016528925619835,0.8604810996563574,0.9295774647887324,0.8602813852813853,0.636,2,0.084,histgb_compact,0.792,198,0.5571428571428572,70,250,accept_0.70
0.684,157,14,0.9181286549707602,171,0.743801652892562,0.9088888888888889,0.8450704225352113,0.8991666666666667,0.628,3,0.056,histgb_compact,0.816,204,0.5949367088607594,79,250,accept_0.70
0.712,162,16,0.9101123595505618,178,0.8130081300813008,0.9081666666666667,0.8611111111111112,0.9016129032258065,0.648,4,0.064,histgb_compact,0.824,206,0.6111111111111112,72,250,accept_0.70
0.6947791164658634,158,15,0.9132947976878613,173,0.8114754098360656,0.9095959595959596,0.9154929577464789,0.897051282051282,0.6345381526104418,5,0.060240963855421686,histgb_compact,0.8313253012048193,207,0.6447368421052632,76,249,accept_0.70
0.712,168,10,0.9438202247191011,178,0.7933884297520661,0.9276041666666667,0.8873239436619719,0.9145502645502646,0.672,1,0.04,histgb_compact,0.848,212,0.6111111111111112,72,250,accept_0.75
0.772,168,25,0.8704663212435233,193,0.8347107438016529,0.8376237623762376,0.9436619718309859,0.8327647476901209,0.672,2,0.1,histgb_compact,0.792,198,0.5263157894736842,57,250,accept_0.75
0.744,167,19,0.8978494623655914,186,0.8099173553719008,0.8848639455782313,0.9014084507042254,0.865625,0.668,3,0.076,histgb_compact,0.816,204,0.578125,64,250,accept_0.75
0.752,171,17,0.9095744680851063,188,0.8373983739837398,0.9093851132686084,0.8611111111111112,0.9052995391705069,0.684,4,0.068,histgb_compact,0.824,206,0.5645161290322581,62,250,accept_0.75
0.7710843373493976,172,20,0.8958333333333334,192,0.8770491803278688,0.8886292834890965,0.9436619718309859,0.8577943615257048,0.6907630522088354,5,0.08032128514056225,histgb_compact,0.8313253012048193,207,0.6140350877192983,57,249,accept_0.75
0.792,181,17,0.9141414141414141,198,0.8512396694214877,0.8953074433656958,0.9295774647887324,0.8893939393939394,0.724,1,0.068,histgb_compact,0.848,212,0.5961538461538461,52,250,accept_0.80
0.808,176,26,0.8712871287128713,202,0.8512396694214877,0.8367313915857605,0.9436619718309859,0.8265458422174841,0.704,2,0.104,histgb_compact,0.792,198,0.4583333333333333,48,250,accept_0.80
0.788,175,22,0.8883248730964467,197,0.8512396694214877,0.8865695792880259,0.9577464788732394,0.8676470588235294,0.7,3,0.088,histgb_compact,0.816,204,0.5471698113207547,53,250,accept_0.80
0.796,178,21,0.8944723618090452,199,0.8699186991869918,0.8862928348909658,0.9027777777777778,0.866080586080586,0.712,4,0.084,histgb_compact,0.824,206,0.5490196078431373,51,250,accept_0.80
0.8192771084337349,182,22,0.8921568627450981,204,0.9016393442622951,0.8784848484848485,0.9436619718309859,0.8483416252072968,0.7309236947791165,5,0.08835341365461848,histgb_compact,0.8313253012048193,207,0.5555555555555556,45,249,accept_0.80
0.832,190,18,0.9134615384615384,208,0.8842975206611571,0.8948598130841121,0.9295774647887324,0.8819559228650138,0.76,1,0.072,histgb_compact,0.848,212,0.5238095238095238,42,250,accept_0.85
0.864,183,33,0.8472222222222222,216,0.8842975206611571,0.8085669781931464,0.9577464788732394,0.8021358543417367,0.732,2,0.132,histgb_compact,0.792,198,0.4411764705882353,34,250,accept_0.85
0.836,181,28,0.8660287081339713,209,0.9008264462809917,0.8530581039755352,0.971830985915493,0.8347826086956521,0.724,3,0.112,histgb_compact,0.816,204,0.5609756097560976,41,250,accept_0.85
0.856,184,30,0.8598130841121495,214,0.9105691056910569,0.8413690476190476,0.9444444444444444,0.8033613445378152,0.736,4,0.12,histgb_compact,0.824,206,0.6111111111111112,36,250,accept_0.85
0.8634538152610441,189,26,0.8790697674418605,215,0.9344262295081968,0.8678362573099415,0.971830985915493,0.8309983896940418,0.7590361445783133,5,0.10441767068273092,histgb_compact,0.8313253012048193,207,0.5294117647058824,34,249,accept_0.85
0.872,194,24,0.8899082568807339,218,0.9090909090909091,0.8734848484848485,0.9295774647887324,0.8630165289256199,0.776,1,0.096,histgb_compact,0.848,212,0.5625,32,250,accept_0.90
0.92,191,39,0.8304347826086956,230,0.9669421487603306,0.777920227920228,0.9859154929577465,0.7771768707482993,0.764,2,0.156,histgb_compact,0.792,198,0.35,20,250,accept_0.90
0.872,186,32,0.8532110091743119,218,0.9338842975206612,0.8402654867256637,0.971830985915493,0.8181159420289855,0.744,3,0.128,histgb_compact,0.816,204,0.5625,32,250,accept_0.90
0.932,196,37,0.8412017167381974,233,0.9512195121951219,0.8196581196581196,0.9861111111111112,0.7776324614352783,0.784,4,0.148,histgb_compact,0.824,206,0.5882352941176471,17,250,accept_0.90
0.9076305220883534,197,29,0.8716814159292036,226,0.9590163934426229,0.856980056980057,0.9859154929577465,0.8223015873015873,0.7911646586345381,5,0.11646586345381527,histgb_compact,0.8313253012048193,207,0.43478260869565216,23,249,accept_0.90
0.684,160,11,0.935672514619883,171,0.7520661157024794,0.9172161172161172,0.8450704225352113,0.9011111111111111,0.64,1,0.044,lightgbm_compact,0.848,212,0.6582278481012658,79,250,accept_0.70
0.72,157,23,0.8722222222222222,180,0.8181818181818182,0.8333333333333334,0.9295774647887324,0.822005772005772,0.628,2,0.092,lightgbm_compact,0.792,198,0.5857142857142857,70,250,accept_0.70
0.692,160,13,0.9248554913294798,173,0.7603305785123967,0.9117753623188406,0.8873239436619719,0.8899470899470899,0.64,3,0.052,lightgbm_compact,0.816,204,0.5714285714285714,77,250,accept_0.70
0.736,168,16,0.9130434782608695,184,0.8130081300813008,0.9211666666666667,0.8611111111111112,0.9123655913978495,0.672,4,0.064,lightgbm_compact,0.824,206,0.5757575757575758,66,250,accept_0.70
0.6706827309236948,150,17,0.8982035928143712,167,0.8278688524590164,0.8886138613861386,0.9154929577464789,0.8669230769230769,0.6024096385542169,5,0.06827309236947791,lightgbm_compact,0.8313253012048193,207,0.6951219512195121,82,249,accept_0.70
0.736,172,12,0.9347826086956522,184,0.8016528925619835,0.9183848797250859,0.9014084507042254,0.9004024621212121,0.688,1,0.048,lightgbm_compact,0.848,212,0.6060606060606061,66,250,accept_0.75
0.76,165,25,0.868421052631579,190,0.8264462809917356,0.8283333333333334,0.9295774647887324,0.815945165945166,0.66,2,0.1,lightgbm_compact,0.792,198,0.55,60,250,accept_0.75
0.74,167,18,0.9027027027027027,185,0.7933884297520661,0.8885416666666667,0.9154929577464789,0.8569230769230769,0.668,3,0.072,lightgbm_compact,0.816,204,0.5692307692307692,65,250,accept_0.75
0.772,171,22,0.8860103626943006,193,0.8373983739837398,0.890453074433657,0.875,0.8793650793650793,0.684,4,0.088,lightgbm_compact,0.824,206,0.6140350877192983,57,250,accept_0.75
0.7429718875502008,165,20,0.8918918918918919,185,0.8852459016393442,0.8726851851851852,0.9436619718309859,0.8435323383084578,0.6626506024096386,5,0.08032128514056225,lightgbm_compact,0.8313253012048193,207,0.65625,64,249,accept_0.75
0.764,177,14,0.9267015706806283,191,0.8181818181818182,0.9116161616161617,0.9014084507042254,0.8925899621212121,0.708,1,0.056,lightgbm_compact,0.848,212,0.5932203389830508,59,250,accept_0.80
0.816,177,27,0.8676470588235294,204,0.859504132231405,0.8334935897435898,0.9295774647887324,0.8268037518037518,0.708,2,0.108,lightgbm_compact,0.792,198,0.45652173913043476,46,250,accept_0.80
0.784,174,22,0.8877551020408163,196,0.8429752066115702,0.8812091503267974,0.9577464788732394,0.850735294117647,0.696,3,0.088,lightgbm_compact,0.816,204,0.5555555555555556,54,250,accept_0.80
0.824,181,25,0.8786407766990292,206,0.8617886178861789,0.8770440251572327,0.875,0.8629629629629629,0.724,4,0.1,lightgbm_compact,0.824,206,0.5681818181818182,44,250,accept_0.80
0.8152610441767069,179,24,0.8817733990147784,203,0.9016393442622951,0.8668181818181818,0.9577464788732394,0.8322303921568628,0.7188755020080321,5,0.0963855421686747,lightgbm_compact,0.8313253012048193,207,0.6086956521739131,46,249,accept_0.80
0.816,187,17,0.9166666666666666,204,0.8760330578512396,0.9001572327044025,0.9295774647887324,0.8844811753902663,0.748,1,0.068,lightgbm_compact,0.848,212,0.5434782608695652,46,250,accept_0.85
0.868,184,33,0.847926267281106,217,0.9090909090909091,0.8046969696969697,0.9577464788732394,0.8024859943977591,0.736,2,0.132,lightgbm_compact,0.792,198,0.42424242424242425,33,250,accept_0.85
0.828,181,26,0.8743961352657005,207,0.8925619834710744,0.8623456790123457,0.971830985915493,0.8391304347826087,0.724,3,0.104,lightgbm_compact,0.816,204,0.5348837209302325,43,250,accept_0.85
0.864,186,30,0.8611111111111112,216,0.9024390243902439,0.8581081081081081,0.9305555555555556,0.8257995735607676,0.744,4,0.12,lightgbm_compact,0.824,206,0.5882352941176471,34,250,accept_0.85
0.8755020080321285,192,26,0.8807339449541285,218,0.9344262295081968,0.8634502923976608,0.971830985915493,0.8237520128824477,0.7710843373493976,5,0.10441767068273092,lightgbm_compact,0.8313253012048193,207,0.4838709677419355,31,249,accept_0.85
0.868,193,24,0.8894009216589862,217,0.9090909090909091,0.8731818181818182,0.9295774647887324,0.863269054178145,0.772,1,0.096,lightgbm_compact,0.848,212,0.5757575757575758,33,250,accept_0.90
0.9,188,37,0.8355555555555556,225,0.9256198347107438,0.8007440476190476,0.9577464788732394,0.7926820728291316,0.752,2,0.148,lightgbm_compact,0.792,198,0.4,25,250,accept_0.90
0.856,185,29,0.8644859813084113,214,0.9090909090909091,0.8512121212121212,0.971830985915493,0.8330917874396135,0.74,3,0.116,lightgbm_compact,0.816,204,0.5277777777777778,36,250,accept_0.90
0.948,199,38,0.8396624472573839,237,0.9512195121951219,0.8354700854700855,0.9861111111111112,0.7877263581488934,0.796,4,0.152,lightgbm_compact,0.824,206,0.5384615384615384,13,250,accept_0.90
0.9317269076305221,201,31,0.8663793103448276,232,0.9754098360655737,0.8481792717086835,0.9859154929577465,0.8016099773242631,0.8072289156626506,5,0.12449799196787148,lightgbm_compact,0.8313253012048193,207,0.35294117647058826,17,249,accept_0.90
0.688,160,12,0.9302325581395349,172,0.7768595041322314,0.9140070921985816,0.8309859154929577,0.908972289480764,0.64,1,0.048,logistic_sourcebalanced_compact,0.848,212,0.6666666666666666,78,250,accept_0.70
0.716,156,23,0.8715083798882681,179,0.8016528925619835,0.8379725085910653,0.9014084507042254,0.8166666666666667,0.624,2,0.092,logistic_sourcebalanced_compact,0.792,198,0.5915492957746479,71,250,accept_0.70
0.68,158,12,0.9294117647058824,170,0.7272727272727273,0.9172348484848485,0.8450704225352113,0.9077777777777778,0.632,3,0.048,logistic_sourcebalanced_compact,0.816,204,0.575,80,250,accept_0.70
0.72,160,20,0.8888888888888888,180,0.7886178861788617,0.8953608247422681,0.8472222222222222,0.8786104605776737,0.64,4,0.08,logistic_sourcebalanced_compact,0.824,206,0.6571428571428571,70,250,accept_0.70
0.6987951807228916,154,20,0.8850574712643678,174,0.7622950819672131,0.8706093189964158,0.8732394366197183,0.8342293906810035,0.6184738955823293,5,0.08032128514056225,logistic_sourcebalanced_compact,0.8313253012048193,207,0.7066666666666667,75,249,accept_0.70
0.736,170,14,0.9239130434782609,184,0.8016528925619835,0.9097938144329897,0.8450704225352113,0.9023412698412698,0.68,1,0.056,logistic_sourcebalanced_compact,0.848,212,0.6363636363636364,66,250,accept_0.75
0.776,170,24,0.8762886597938144,194,0.859504132231405,0.8456730769230769,0.9154929577464789,0.8356410256410256,0.68,2,0.096,logistic_sourcebalanced_compact,0.792,198,0.5,56,250,accept_0.75
0.7,161,14,0.92,175,0.7603305785123967,0.9081521739130435,0.8591549295774648,0.8901639344262295,0.644,3,0.056,logistic_sourcebalanced_compact,0.816,204,0.5733333333333334,75,250,accept_0.75
0.772,169,24,0.8756476683937824,193,0.8373983739837398,0.873948220064725,0.8888888888888888,0.8673735119047619,0.676,4,0.096,logistic_sourcebalanced_compact,0.824,206,0.6491228070175439,57,250,accept_0.75
0.7670682730923695,168,23,0.8795811518324608,191,0.8278688524590164,0.8755775577557756,0.9154929577464789,0.8323931623931624,0.6746987951807228,5,0.09236947791164658,logistic_sourcebalanced_compact,0.8313253012048193,207,0.6724137931034483,58,249,accept_0.75
0.788,179,18,0.9086294416243654,197,0.8512396694214877,0.8940129449838188,0.9014084507042254,0.8932224025974026,0.716,1,0.072,logistic_sourcebalanced_compact,0.848,212,0.6226415094339622,53,250,accept_0.80
0.816,175,29,0.8578431372549019,204,0.859504132231405,0.829647435897436,0.9154929577464789,0.8125641025641026,0.7,2,0.116,logistic_sourcebalanced_compact,0.792,198,0.5,46,250,accept_0.80
0.756,169,20,0.8941798941798942,189,0.7933884297520661,0.8894097222222223,0.8873239436619719,0.8585034013605443,0.676,3,0.08,logistic_sourcebalanced_compact,0.816,204,0.5737704918032787,61,250,accept_0.80
0.832,182,26,0.875,208,0.8861788617886179,0.867125382262997,0.9305555555555556,0.853411513859275,0.728,4,0.104,logistic_sourcebalanced_compact,0.824,206,0.5714285714285714,42,250,accept_0.80
0.8112449799196787,176,26,0.8712871287128713,202,0.8524590163934426,0.8647435897435898,0.9436619718309859,0.8257048092868988,0.7068273092369478,5,0.10441767068273092,logistic_sourcebalanced_compact,0.8313253012048193,207,0.6595744680851063,47,249,accept_0.80
0.832,187,21,0.8990384615384616,208,0.8925619834710744,0.8896604938271605,0.9154929577464789,0.8846087246087246,0.748,1,0.084,logistic_sourcebalanced_compact,0.848,212,0.5952380952380952,42,250,accept_0.85
0.868,183,34,0.8433179723502304,217,0.8925619834710744,0.8044753086419754,0.9295774647887324,0.7995310245310245,0.732,2,0.136,logistic_sourcebalanced_compact,0.792,198,0.45454545454545453,33,250,accept_0.85
0.8,177,23,0.885,200,0.8429752066115702,0.8821895424836601,0.9436619718309859,0.8460554371002132,0.708,3,0.092,logistic_sourcebalanced_compact,0.816,204,0.54,50,250,accept_0.85
0.884,191,30,0.8642533936651584,221,0.926829268292683,0.8524853801169591,0.9444444444444444,0.8298319327731093,0.764,4,0.12,logistic_sourcebalanced_compact,0.824,206,0.5172413793103449,29,250,accept_0.85
0.8674698795180723,188,28,0.8703703703703703,216,0.9180327868852459,0.8610119047619048,0.9577464788732394,0.822140522875817,0.7550200803212851,5,0.11244979919678715,logistic_sourcebalanced_compact,0.8313253012048193,207,0.5757575757575758,33,249,accept_0.85
0.872,192,26,0.8807339449541285,218,0.9256198347107438,0.8653273809523809,0.9295774647887324,0.8484782893873803,0.768,1,0.104,logistic_sourcebalanced_compact,0.848,212,0.625,32,250,accept_0.90
0.904,188,38,0.831858407079646,226,0.9173553719008265,0.7899399399399399,0.9436619718309859,0.7746624022743426,0.752,2,0.152,logistic_sourcebalanced_compact,0.792,198,0.4166666666666667,24,250,accept_0.90
0.86,187,28,0.8697674418604651,215,0.9090909090909091,0.8616666666666667,0.9577464788732394,0.8331232492997199,0.748,3,0.112,logistic_sourcebalanced_compact,0.816,204,0.4857142857142857,35,250,accept_0.90
0.924,197,34,0.8528138528138528,231,0.9512195121951219,0.8452991452991453,0.9722222222222222,0.8115986394557824,0.788,4,0.136,logistic_sourcebalanced_compact,0.824,206,0.47368421052631576,19,250,accept_0.90
0.9437751004016064,200,35,0.851063829787234,235,0.9672131147540983,0.8419491525423729,1.0,0.7961658841940532,0.8032128514056225,5,0.14056224899598393,logistic_sourcebalanced_compact,0.8313253012048193,207,0.5,14,249,accept_0.90
0.704,166,10,0.9431818181818182,176,0.7851239669421488,0.9298245614035088,0.9014084507042254,0.9087357954545454,0.664,1,0.04,histgb_sourcebalanced_compact,0.848,212,0.6216216216216216,74,250,accept_0.70
0.732,162,21,0.8852459016393442,183,0.8016528925619835,0.8639175257731959,0.9295774647887324,0.8623737373737373,0.648,2,0.084,histgb_sourcebalanced_compact,0.792,198,0.5373134328358209,67,250,accept_0.70
0.688,157,15,0.9127906976744186,172,0.768595041322314,0.8974910394265233,0.8732394366197183,0.8728494623655914,0.628,3,0.06,histgb_sourcebalanced_compact,0.816,204,0.6025641025641025,78,250,accept_0.70
0.692,157,16,0.9075144508670521,173,0.8048780487804879,0.9065656565656566,0.8611111111111112,0.8961597542242703,0.628,4,0.064,histgb_sourcebalanced_compact,0.824,206,0.6363636363636364,77,250,accept_0.70
0.6867469879518072,154,17,0.9005847953216374,171,0.8278688524590164,0.8886138613861386,0.8873239436619719,0.8626984126984127,0.6184738955823293,5,0.06827309236947791,histgb_sourcebalanced_compact,0.8313253012048193,207,0.6794871794871795,78,249,accept_0.70
0.744,173,13,0.9301075268817204,186,0.8099173553719008,0.9132653061224489,0.9154929577464789,0.8934731934731934,0.692,1,0.052,histgb_sourcebalanced_compact,0.848,212,0.609375,64,250,accept_0.75
0.78,170,25,0.8717948717948718,195,0.8347107438016529,0.846039603960396,0.9436619718309859,0.8385572139303482,0.68,2,0.1,histgb_sourcebalanced_compact,0.792,198,0.509090909090909,55,250,accept_0.75
0.732,166,17,0.907103825136612,183,0.8016528925619835,0.8948453608247423,0.9014084507042254,0.871875,0.664,3,0.068,histgb_sourcebalanced_compact,0.816,204,0.5671641791044776,67,250,accept_0.75
0.748,169,18,0.9037433155080213,187,0.8455284552845529,0.9014423076923077,0.875,0.8898715041572185,0.676,4,0.072,histgb_sourcebalanced_compact,0.824,206,0.5873015873015873,63,250,accept_0.75
0.7469879518072289,167,19,0.8978494623655914,186,0.8524590163934426,0.8858974358974359,0.9154929577464789,0.8528205128205129,0.6706827309236948,5,0.07630522088353414,histgb_sourcebalanced_compact,0.8313253012048193,207,0.6349206349206349,63,249,accept_0.75
0.784,180,16,0.9183673469387755,196,0.8347107438016529,0.8927392739273927,0.9154929577464789,0.8814219114219114,0.72,1,0.064,histgb_sourcebalanced_compact,0.848,212,0.5925925925925926,54,250,accept_0.80
0.832,180,28,0.8653846153846154,208,0.8760330578512396,0.8366352201257862,0.9436619718309859,0.8315209665955935,0.72,2,0.112,histgb_sourcebalanced_compact,0.792,198,0.42857142857142855,42,250,accept_0.80
0.768,172,20,0.8958333333333334,192,0.8429752066115702,0.8849673202614379,0.9436619718309859,0.872636815920398,0.688,3,0.08,histgb_sourcebalanced_compact,0.816,204,0.5517241379310345,58,250,accept_0.80
0.824,181,25,0.8786407766990292,206,0.8861788617886179,0.8712538226299694,0.9305555555555556,0.8427149964463397,0.724,4,0.1,histgb_sourcebalanced_compact,0.824,206,0.5681818181818182,44,250,accept_0.80
0.7951807228915663,179,19,0.9040404040404041,198,0.8770491803278688,0.8953271028037383,0.9295774647887324,0.8654040404040404,0.7188755020080321,5,0.07630522088353414,histgb_sourcebalanced_compact,0.8313253012048193,207,0.5490196078431373,51,249,accept_0.80
0.82,188,17,0.9170731707317074,205,0.8760330578512396,0.8946540880503144,0.9295774647887324,0.8844811753902663,0.752,1,0.068,histgb_sourcebalanced_compact,0.848,212,0.5333333333333333,45,250,accept_0.85
0.876,184,35,0.8401826484018264,219,0.9173553719008265,0.7974474474474474,0.971830985915493,0.7884403036576949,0.736,2,0.14,histgb_sourcebalanced_compact,0.792,198,0.45161290322580644,31,250,accept_0.85
0.828,183,24,0.8840579710144928,207,0.8925619834710744,0.8720679012345679,0.9577464788732394,0.8580882352941176,0.732,3,0.096,histgb_sourcebalanced_compact,0.816,204,0.4883720930232558,43,250,accept_0.85
0.88,189,31,0.8590909090909091,220,0.9105691056910569,0.8427083333333333,0.9444444444444444,0.8077731092436975,0.756,4,0.124,histgb_sourcebalanced_compact,0.824,206,0.5666666666666667,30,250,accept_0.85
0.8473895582329317,190,21,0.9004739336492891,211,0.9180327868852459,0.8940476190476191,0.9577464788732394,0.8620098039215687,0.7630522088353414,5,0.08433734939759036,histgb_sourcebalanced_compact,0.8313253012048193,207,0.4473684210526316,38,249,accept_0.85
0.884,196,25,0.8868778280542986,221,0.9008264462809917,0.8747706422018349,0.9295774647887324,0.8617539026629936,0.784,1,0.1,histgb_sourcebalanced_compact,0.848,212,0.5517241379310345,29,250,accept_0.90
0.924,192,39,0.8311688311688312,231,0.9504132231404959,0.7871014492753623,0.971830985915493,0.7811939268461008,0.768,2,0.156,histgb_sourcebalanced_compact,0.792,198,0.3157894736842105,19,250,accept_0.90
0.856,187,27,0.8738317757009346,214,0.9090909090909091,0.8607575757575757,0.9577464788732394,0.8448529411764706,0.748,3,0.108,histgb_sourcebalanced_compact,0.816,204,0.4722222222222222,36,250,accept_0.90
0.944,199,37,0.8432203389830508,236,0.943089430894309,0.8326149425287356,0.9583333333333334,0.7958247066942719,0.796,4,0.148,histgb_sourcebalanced_compact,0.824,206,0.5,14,250,accept_0.90
0.8955823293172691,194,29,0.8699551569506726,223,0.9508196721311475,0.8600574712643678,0.9859154929577465,0.8187301587301588,0.7791164658634538,5,0.11646586345381527,histgb_sourcebalanced_compact,0.8313253012048193,207,0.5,26,249,accept_0.90
0.688,163,9,0.9476744186046512,172,0.7520661157024794,0.9267399267399268,0.8450704225352113,0.916540404040404,0.652,1,0.036,lightgbm_sourcebalanced_compact,0.848,212,0.6282051282051282,78,250,accept_0.70
0.72,161,19,0.8944444444444445,180,0.7933884297520661,0.8756944444444444,0.8873239436619719,0.8719576719576719,0.644,2,0.076,lightgbm_sourcebalanced_compact,0.792,198,0.5285714285714286,70,250,accept_0.70
0.664,152,14,0.9156626506024096,166,0.7272727272727273,0.9106060606060606,0.8591549295774648,0.8989071038251366,0.608,3,0.056,lightgbm_sourcebalanced_compact,0.816,204,0.6190476190476191,84,250,accept_0.70
0.736,166,18,0.9021739130434783,184,0.8455284552845529,0.8985576923076923,0.8888888888888888,0.8875,0.664,4,0.072,lightgbm_sourcebalanced_compact,0.824,206,0.6060606060606061,66,250,accept_0.70
0.6947791164658634,158,15,0.9132947976878613,173,0.8360655737704918,0.9049019607843137,0.9014084507042254,0.8791666666666667,0.6345381526104418,5,0.060240963855421686,lightgbm_sourcebalanced_compact,0.8313253012048193,207,0.6447368421052632,76,249,accept_0.70
0.752,176,12,0.9361702127659575,188,0.8264462809917356,0.92,0.8873239436619719,0.8993506493506493,0.704,1,0.048,lightgbm_sourcebalanced_compact,0.848,212,0.5806451612903226,62,250,accept_0.75
0.764,165,26,0.8638743455497382,191,0.859504132231405,0.8251602564102564,0.9436619718309859,0.8272210376687988,0.66,2,0.104,lightgbm_sourcebalanced_compact,0.792,198,0.559322033898305,59,250,accept_0.75
0.728,164,18,0.9010989010989011,182,0.7933884297520661,0.8847222222222222,0.8873239436619719,0.8751322751322751,0.656,3,0.072,lightgbm_sourcebalanced_compact,0.816,204,0.5882352941176471,68,250,accept_0.75
0.78,173,22,0.8871794871794871,195,0.8536585365853658,0.89,0.8888888888888888,0.8760416666666667,0.692,4,0.088,lightgbm_sourcebalanced_compact,0.824,206,0.6,55,250,accept_0.75
0.7269076305220884,163,18,0.9005524861878453,181,0.8524590163934426,0.8939102564102565,0.9154929577464789,0.8669230769230769,0.6546184738955824,5,0.07228915662650602,lightgbm_sourcebalanced_compact,0.8313253012048193,207,0.6470588235294118,68,249,accept_0.75
0.776,180,14,0.9278350515463918,194,0.8429752066115702,0.9158496732026143,0.9014084507042254,0.8964962121212121,0.72,1,0.056,lightgbm_sourcebalanced_compact,0.848,212,0.5714285714285714,56,250,accept_0.80
0.812,173,30,0.8522167487684729,203,0.9008264462809917,0.8152905198776759,0.9577464788732394,0.8280462184873949,0.692,2,0.12,lightgbm_sourcebalanced_compact,0.792,198,0.5319148936170213,47,250,accept_0.80
0.776,172,22,0.8865979381443299,194,0.8264462809917356,0.8743333333333333,0.9154929577464789,0.8558974358974359,0.688,3,0.088,lightgbm_sourcebalanced_compact,0.816,204,0.5714285714285714,56,250,accept_0.80
0.836,181,28,0.8660287081339713,209,0.8861788617886179,0.8599388379204893,0.9166666666666666,0.8388167388167388,0.724,4,0.112,lightgbm_sourcebalanced_compact,0.824,206,0.6097560975609756,41,250,accept_0.80
0.8032128514056225,180,20,0.9,200,0.9098360655737705,0.8855855855855855,0.9577464788732394,0.8556372549019607,0.7228915662650602,5,0.08032128514056225,lightgbm_sourcebalanced_compact,0.8313253012048193,207,0.5510204081632653,49,249,accept_0.80
0.828,189,18,0.9130434782608695,207,0.8925619834710744,0.8881172839506173,0.9154929577464789,0.8827039627039627,0.756,1,0.072,lightgbm_sourcebalanced_compact,0.848,212,0.5348837209302325,43,250,accept_0.85
0.872,181,37,0.8302752293577982,218,0.9256198347107438,0.7928571428571428,0.9577464788732394,0.8029761904761905,0.724,2,0.148,lightgbm_sourcebalanced_compact,0.792,198,0.53125,32,250,accept_0.85
0.812,179,24,0.8817733990147784,203,0.8760330578512396,0.8672955974842768,0.9577464788732394,0.8561274509803921,0.716,3,0.096,lightgbm_sourcebalanced_compact,0.816,204,0.5319148936170213,47,250,accept_0.85
0.884,188,33,0.8506787330316742,221,0.9105691056910569,0.8459821428571429,0.9305555555555556,0.8118692253020611,0.752,4,0.132,lightgbm_sourcebalanced_compact,0.824,206,0.6206896551724138,29,250,accept_0.85
0.8554216867469879,190,23,0.892018779342723,213,0.9344262295081968,0.8739766081871345,0.9859154929577465,0.8373809523809523,0.7630522088353414,5,0.09236947791164658,lightgbm_sourcebalanced_compact,0.8313253012048193,207,0.4722222222222222,36,249,accept_0.85
0.876,192,27,0.8767123287671232,219,0.9090909090909091,0.8565151515151516,0.9154929577464789,0.8473193473193473,0.768,1,0.108,lightgbm_sourcebalanced_compact,0.848,212,0.6451612903225806,31,250,accept_0.90
0.932,192,41,0.8240343347639485,233,0.9586776859504132,0.7817528735632184,0.971830985915493,0.7811939268461008,0.768,2,0.164,lightgbm_sourcebalanced_compact,0.792,198,0.35294117647058826,17,250,accept_0.90
0.844,186,25,0.8815165876777251,211,0.9008264462809917,0.8648318042813455,0.9577464788732394,0.8514705882352941,0.744,3,0.1,lightgbm_sourcebalanced_compact,0.816,204,0.46153846153846156,39,250,accept_0.90
0.936,197,37,0.8418803418803419,234,0.959349593495935,0.8298022598870056,0.9722222222222222,0.7887414965986395,0.788,4,0.148,lightgbm_sourcebalanced_compact,0.824,206,0.5625,16,250,accept_0.90
0.9156626506024096,201,27,0.881578947368421,228,0.9590163934426229,0.8686609686609686,0.9859154929577465,0.8238888888888889,0.8072289156626506,5,0.10843373493975904,lightgbm_sourcebalanced_compact,0.8313253012048193,207,0.2857142857142857,21,249,accept_0.90
0.696,160,14,0.9195402298850575,174,0.768595041322314,0.9077060931899642,0.8732394366197183,0.8982078853046594,0.64,1,0.056,logistic_full,0.848,212,0.6842105263157895,76,250,accept_0.70
0.704,153,23,0.8693181818181818,176,0.768595041322314,0.8435483870967742,0.9014084507042254,0.8119791666666667,0.612,2,0.092,logistic_full,0.792,198,0.6081081081081081,74,250,accept_0.70
0.692,161,12,0.930635838150289,173,0.7520661157024794,0.9195970695970695,0.8591549295774648,0.9038251366120219,0.644,3,0.048,logistic_full,0.816,204,0.5584415584415584,77,250,accept_0.70
0.704,160,16,0.9090909090909091,176,0.7317073170731707,0.8942592592592593,0.8055555555555556,0.8844827586206897,0.64,4,0.064,logistic_full,0.824,206,0.6216216216216216,74,250,accept_0.70
0.7068273092369478,157,19,0.8920454545454546,176,0.7622950819672131,0.8933691756272402,0.8591549295774648,0.8701275045537341,0.6305220883534136,5,0.07630522088353414,logistic_full,0.8313253012048193,207,0.684931506849315,73,249,accept_0.70
0.74,168,17,0.9081081081081082,185,0.7933884297520661,0.9019097222222222,0.9014084507042254,0.8922743055555555,0.672,1,0.068,logistic_full,0.848,212,0.676923076923077,65,250,accept_0.75
0.748,160,27,0.8556149732620321,187,0.8016528925619835,0.8268041237113402,0.9154929577464789,0.798974358974359,0.64,2,0.108,logistic_full,0.792,198,0.6031746031746031,63,250,accept_0.75
0.74,169,16,0.9135135135135135,185,0.8181818181818182,0.9016835016835016,0.9154929577464789,0.8874358974358975,0.676,3,0.064,logistic_full,0.816,204,0.5384615384615384,65,250,accept_0.75
0.76,173,17,0.9105263157894737,190,0.8211382113821138,0.8968646864686468,0.8472222222222222,0.8917252146760344,0.692,4,0.068,logistic_full,0.824,206,0.55,60,250,accept_0.75
0.7630522088353414,168,22,0.8842105263157894,190,0.819672131147541,0.88,0.8873239436619719,0.8525573192239859,0.6746987951807228,5,0.08835341365461848,logistic_full,0.8313253012048193,207,0.6610169491525424,59,249,accept_0.75
0.796,179,20,0.8994974874371859,199,0.859504132231405,0.8918269230769231,0.9295774647887324,0.877020202020202,0.716,1,0.08,logistic_full,0.848,212,0.6470588235294118,51,250,accept_0.80
0.812,172,31,0.8472906403940886,203,0.8760330578512396,0.8124213836477987,0.9577464788732394,0.7803921568627451,0.688,2,0.124,logistic_full,0.792,198,0.5531914893617021,47,250,accept_0.80
0.764,173,18,0.9057591623036649,191,0.8264462809917356,0.8926666666666667,0.9154929577464789,0.8746153846153846,0.692,3,0.072,logistic_full,0.816,204,0.5254237288135594,59,250,accept_0.80
0.82,183,22,0.8926829268292683,205,0.8699186991869918,0.8876947040498442,0.8611111111111112,0.8679339477726574,0.732,4,0.088,logistic_full,0.824,206,0.5111111111111111,45,250,accept_0.80
0.8112449799196787,178,24,0.8811881188118812,202,0.8524590163934426,0.8770833333333333,0.9154929577464789,0.8409401709401709,0.714859437751004,5,0.0963855421686747,logistic_full,0.8313253012048193,207,0.6170212765957447,47,249,accept_0.80
0.844,187,24,0.8862559241706162,211,0.8677685950413223,0.8801587301587301,0.9295774647887324,0.8628787878787879,0.748,1,0.096,logistic_full,0.848,212,0.6410256410256411,39,250,accept_0.85
0.86,182,33,0.8465116279069768,215,0.9008264462809917,0.8120795107033639,0.971830985915493,0.7796411318150449,0.728,2,0.132,logistic_full,0.792,198,0.45714285714285713,35,250,accept_0.85
0.82,180,25,0.8780487804878049,205,0.8677685950413223,0.8577777777777778,0.9577464788732394,0.8264705882352941,0.72,3,0.1,logistic_full,0.816,204,0.5333333333333333,45,250,accept_0.85
0.856,187,27,0.8738317757009346,214,0.8861788617886179,0.8698776758409786,0.8888888888888888,0.8473214285714286,0.748,4,0.108,logistic_full,0.824,206,0.5277777777777778,36,250,accept_0.85
0.8714859437751004,188,29,0.8663594470046083,217,0.9098360655737705,0.8585585585585586,0.971830985915493,0.8105475040257649,0.7550200803212851,5,0.11646586345381527,logistic_full,0.8313253012048193,207,0.59375,32,249,accept_0.85
0.904,197,29,0.8716814159292036,226,0.9256198347107438,0.8556547619047619,0.9577464788732394,0.8363795518207283,0.788,1,0.116,logistic_full,0.848,212,0.625,24,250,accept_0.90
0.912,191,37,0.8377192982456141,228,0.9504132231404959,0.7928985507246377,1.0,0.7729376257545272,0.764,2,0.148,logistic_full,0.792,198,0.3181818181818182,22,250,accept_0.90
0.864,186,30,0.8611111111111112,216,0.9090909090909091,0.8407575757575757,0.971830985915493,0.8164251207729468,0.744,3,0.12,logistic_full,0.816,204,0.5294117647058824,34,250,accept_0.90
0.912,196,32,0.8596491228070176,228,0.9349593495934959,0.8447826086956521,0.9305555555555556,0.817093105899076,0.784,4,0.128,logistic_full,0.824,206,0.45454545454545453,22,250,accept_0.90
0.9116465863453815,195,32,0.8590308370044053,227,0.9344262295081968,0.8451754385964912,1.0,0.7926447574334898,0.7831325301204819,5,0.1285140562248996,logistic_full,0.8313253012048193,207,0.5454545454545454,22,249,accept_0.90
0.68,161,9,0.9470588235294117,170,0.7520661157024794,0.9318681318681319,0.8591549295774648,0.9218579234972678,0.644,1,0.036,histgb_full,0.848,212,0.6375,80,250,accept_0.70
0.748,164,23,0.8770053475935828,187,0.7933884297520661,0.8397569444444445,0.8873239436619719,0.8277777777777777,0.656,2,0.092,histgb_full,0.792,198,0.5396825396825397,63,250,accept_0.70
0.672,154,14,0.9166666666666666,168,0.71900826446281,0.9063218390804598,0.8873239436619719,0.8862433862433863,0.616,3,0.056,histgb_full,0.816,204,0.6097560975609756,82,250,accept_0.70
0.704,161,15,0.9147727272727273,176,0.7967479674796748,0.9066326530612245,0.8333333333333334,0.9022222222222223,0.644,4,0.06,histgb_full,0.824,206,0.6081081081081081,74,250,accept_0.70
0.6987951807228916,157,17,0.9022988505747126,174,0.8524590163934426,0.8934294871794872,0.9154929577464789,0.8708547008547008,0.6305220883534136,5,0.06827309236947791,histgb_full,0.8313253012048193,207,0.6666666666666666,75,249,accept_0.70
0.744,170,16,0.9139784946236559,186,0.7768595041322314,0.9024822695035462,0.8873239436619719,0.8956469456469457,0.68,1,0.064,histgb_full,0.848,212,0.65625,64,250,accept_0.75
0.788,174,23,0.883248730964467,197,0.8512396694214877,0.8521035598705502,0.9436619718309859,0.8481876332622601,0.696,2,0.092,histgb_full,0.792,198,0.4528301886792453,53,250,accept_0.75
0.716,164,15,0.9162011173184358,179,0.768595041322314,0.9096774193548387,0.9014084507042254,0.8880208333333334,0.656,3,0.06,histgb_full,0.816,204,0.5633802816901409,71,250,accept_0.75
0.768,172,20,0.8958333333333334,192,0.8455284552845529,0.8915064102564103,0.875,0.8806122448979592,0.688,4,0.08,histgb_full,0.824,206,0.5862068965517241,58,250,accept_0.75
0.7349397590361446,165,18,0.9016393442622951,183,0.860655737704918,0.8912698412698413,0.9295774647887324,0.8697811447811448,0.6626506024096386,5,0.07228915662650602,histgb_full,0.8313253012048193,207,0.6363636363636364,66,249,accept_0.75
0.804,181,20,0.900497512437811,201,0.8347107438016529,0.900990099009901,0.9154929577464789,0.8873193473193474,0.724,1,0.08,histgb_full,0.848,212,0.6326530612244898,49,250,accept_0.80
0.824,177,29,0.8592233009708737,206,0.8925619834710744,0.8195987654320988,0.9577464788732394,0.8250350140056022,0.708,2,0.116,histgb_full,0.792,198,0.4772727272727273,44,250,accept_0.80
0.76,169,21,0.8894736842105263,190,0.8016528925619835,0.8798969072164948,0.9014084507042254,0.8697916666666666,0.676,3,0.084,histgb_full,0.816,204,0.5833333333333334,60,250,accept_0.80
0.812,179,24,0.8817733990147784,203,0.8455284552845529,0.8778846153846154,0.875,0.868442932728647,0.716,4,0.096,histgb_full,0.824,206,0.574468085106383,47,250,accept_0.80
0.8032128514056225,179,21,0.895,200,0.8934426229508197,0.8788990825688073,0.9577464788732394,0.8515522875816993,0.7188755020080321,5,0.08433734939759036,histgb_full,0.8313253012048193,207,0.5714285714285714,49,249,accept_0.80
0.848,191,21,0.9009433962264151,212,0.8677685950413223,0.8965079365079365,0.9295774647887324,0.8766528925619834,0.764,1,0.084,histgb_full,0.848,212,0.5526315789473685,38,250,accept_0.85
0.876,184,35,0.8401826484018264,219,0.9090909090909091,0.7925757575757576,0.971830985915493,0.7853002070393375,0.736,2,0.14,histgb_full,0.792,198,0.45161290322580644,31,250,accept_0.85
0.808,178,24,0.8811881188118812,202,0.859504132231405,0.86875,0.9436619718309859,0.8539800995024875,0.712,3,0.096,histgb_full,0.816,204,0.5416666666666666,48,250,accept_0.85
0.86,187,28,0.8697674418604651,215,0.9024390243902439,0.8572072072072072,0.9305555555555556,0.8295309168443497,0.748,4,0.112,histgb_full,0.824,206,0.5428571428571428,35,250,accept_0.85
0.8594377510040161,189,25,0.883177570093458,214,0.9098360655737705,0.878078078078078,0.9577464788732394,0.8505135387488328,0.7590361445783133,5,0.10040160642570281,histgb_full,0.8313253012048193,207,0.5142857142857142,35,249,accept_0.85
0.884,196,25,0.8868778280542986,221,0.8842975206611571,0.8948598130841121,0.9295774647887324,0.8748130657221567,0.784,1,0.1,histgb_full,0.848,212,0.5517241379310345,29,250,accept_0.90
0.944,193,43,0.8177966101694916,236,0.9669421487603306,0.7608262108262108,1.0,0.7521462105969148,0.772,2,0.172,histgb_full,0.792,198,0.35714285714285715,14,250,accept_0.90
0.864,188,28,0.8703703703703703,216,0.9008264462809917,0.8668195718654435,0.971830985915493,0.8418909592822637,0.752,3,0.112,histgb_full,0.816,204,0.47058823529411764,34,250,accept_0.90
0.9,194,31,0.8622222222222222,225,0.926829268292683,0.8529239766081871,0.9444444444444444,0.8266456582633053,0.776,4,0.124,histgb_full,0.824,206,0.48,25,250,accept_0.90
0.9116465863453815,197,30,0.8678414096916299,227,0.9508196721311475,0.8586206896551725,0.971830985915493,0.8236945019553715,0.7911646586345381,5,0.12048192771084337,histgb_full,0.8313253012048193,207,0.45454545454545453,22,249,accept_0.90
0.696,163,11,0.9367816091954023,174,0.743801652892562,0.9203703703703704,0.8309859154929577,0.9052388289676425,0.652,1,0.044,lightgbm_full,0.848,212,0.6447368421052632,76,250,accept_0.70
0.728,164,18,0.9010989010989011,182,0.7933884297520661,0.8744791666666667,0.9014084507042254,0.8729166666666667,0.656,2,0.072,lightgbm_full,0.792,198,0.5,68,250,accept_0.70
0.68,155,15,0.9117647058823529,170,0.7520661157024794,0.8952380952380953,0.9014084507042254,0.8692708333333333,0.62,3,0.06,lightgbm_full,0.816,204,0.6125,80,250,accept_0.70
0.704,161,15,0.9147727272727273,176,0.7804878048780488,0.9140625,0.8472222222222222,0.9067525370804059,0.644,4,0.06,lightgbm_full,0.824,206,0.6081081081081081,74,250,accept_0.70
0.6947791164658634,157,16,0.9075144508670521,173,0.8360655737704918,0.8946078431372549,0.9154929577464789,0.8738461538461538,0.6305220883534136,5,0.0642570281124498,lightgbm_full,0.8313253012048193,207,0.6578947368421053,76,249,accept_0.70
0.744,172,14,0.9247311827956989,186,0.7851239669421488,0.9122807017543859,0.8450704225352113,0.8901515151515151,0.688,1,0.056,lightgbm_full,0.848,212,0.625,64,250,accept_0.75
0.772,170,23,0.8808290155440415,193,0.8512396694214877,0.8441747572815534,0.9436619718309859,0.8338308457711443,0.68,2,0.092,lightgbm_full,0.792,198,0.49122807017543857,57,250,accept_0.75
0.724,165,16,0.9116022099447514,181,0.7851239669421488,0.899298245614035,0.9014084507042254,0.8697916666666666,0.66,3,0.064,lightgbm_full,0.816,204,0.5652173913043478,69,250,accept_0.75
0.752,172,16,0.9148936170212766,188,0.8211382113821138,0.9133663366336634,0.8611111111111112,0.905568356374808,0.688,4,0.064,lightgbm_full,0.824,206,0.5483870967741935,62,250,accept_0.75
0.7590361445783133,169,20,0.8941798941798942,189,0.860655737704918,0.8817460317460317,0.9295774647887324,0.8588383838383838,0.678714859437751,5,0.08032128514056225,lightgbm_full,0.8313253012048193,207,0.6333333333333333,60,249,accept_0.75
0.796,180,19,0.9045226130653267,199,0.8181818181818182,0.8880471380471381,0.8732394366197183,0.8678885630498534,0.72,1,0.076,lightgbm_full,0.848,212,0.6274509803921569,51,250,accept_0.80
0.828,178,29,0.8599033816425121,207,0.9008264462809917,0.8207951070336391,0.9577464788732394,0.8154761904761905,0.712,2,0.116,lightgbm_full,0.792,198,0.46511627906976744,43,250,accept_0.80
0.78,175,20,0.8974358974358975,195,0.8429752066115702,0.8866013071895424,0.9295774647887324,0.8472222222222222,0.7,3,0.08,lightgbm_full,0.816,204,0.5272727272727272,55,250,accept_0.80
0.792,179,19,0.9040404040404041,198,0.8373983739837398,0.8985436893203883,0.8611111111111112,0.8894393241167434,0.716,4,0.076,lightgbm_full,0.824,206,0.5192307692307693,52,250,accept_0.80
0.8072289156626506,179,22,0.8905472636815921,201,0.8688524590163934,0.8864779874213836,0.9295774647887324,0.8647306397306397,0.7188755020080321,5,0.08835341365461848,lightgbm_full,0.8313253012048193,207,0.5833333333333334,48,249,accept_0.80
0.844,189,22,0.8957345971563981,211,0.8677685950413223,0.8928571428571429,0.9154929577464789,0.8716783216783217,0.756,1,0.088,lightgbm_full,0.848,212,0.5897435897435898,39,250,accept_0.85
0.868,182,35,0.8387096774193549,217,0.9256198347107438,0.7888392857142857,0.9859154929577465,0.7783673469387755,0.728,2,0.14,lightgbm_full,0.792,198,0.48484848484848486,33,250,accept_0.85
0.82,183,22,0.8926829268292683,205,0.8842975206611571,0.8778816199376948,0.9577464788732394,0.8561274509803921,0.732,3,0.088,lightgbm_full,0.816,204,0.4666666666666667,45,250,accept_0.85
0.844,188,23,0.8909952606635071,211,0.8699186991869918,0.8861370716510903,0.8888888888888888,0.877529761904762,0.752,4,0.092,lightgbm_full,0.824,206,0.46153846153846156,39,250,accept_0.85
0.8755020080321285,190,28,0.8715596330275229,218,0.9344262295081968,0.8675438596491228,0.971830985915493,0.8319473199907983,0.7630522088353414,5,0.11244979919678715,lightgbm_full,0.8313253012048193,207,0.5483870967741935,31,249,accept_0.85
0.884,199,22,0.9004524886877828,221,0.8925619834710744,0.899074074074074,0.9295774647887324,0.8796831955922865,0.796,1,0.088,lightgbm_full,0.848,212,0.4482758620689655,29,250,accept_0.90
0.928,190,42,0.8189655172413793,232,0.9834710743801653,0.7634453781512605,1.0,0.7528504359490275,0.76,2,0.168,lightgbm_full,0.792,198,0.4444444444444444,18,250,accept_0.90
0.868,187,30,0.8617511520737328,217,0.9256198347107438,0.856845238095238,0.971830985915493,0.8277777777777777,0.748,3,0.12,lightgbm_full,0.816,204,0.5151515151515151,33,250,accept_0.90
0.904,195,31,0.8628318584070797,226,0.926829268292683,0.8426900584795322,0.9444444444444444,0.8156162464985994,0.78,4,0.124,lightgbm_full,0.824,206,0.4583333333333333,24,250,accept_0.90
0.9196787148594378,198,31,0.8646288209606987,229,0.9508196721311475,0.8557471264367816,0.971830985915493,0.8188635840809754,0.7951807228915663,5,0.12449799196787148,lightgbm_full,0.8313253012048193,207,0.45,20,249,accept_0.90
0.7,161,14,0.92,175,0.7768595041322314,0.9122340425531915,0.8732394366197183,0.9037634408602151,0.644,1,0.056,logistic_sourcebalanced_full,0.848,212,0.68,75,250,accept_0.70
0.712,155,23,0.8707865168539326,178,0.7520661157024794,0.8510989010989011,0.8732394366197183,0.8220430107526882,0.62,2,0.092,logistic_sourcebalanced_full,0.792,198,0.5972222222222222,72,250,accept_0.70
0.676,156,13,0.9230769230769231,169,0.7355371900826446,0.9168539325842696,0.8450704225352113,0.8980555555555556,0.624,3,0.052,logistic_sourcebalanced_full,0.816,204,0.5925925925925926,81,250,accept_0.70
0.704,160,16,0.9090909090909091,176,0.7560975609756098,0.9023297491039427,0.8055555555555556,0.8889983579638752,0.64,4,0.064,logistic_sourcebalanced_full,0.824,206,0.6216216216216216,74,250,accept_0.70
0.7108433734939759,154,23,0.8700564971751412,177,0.7540983606557377,0.8760869565217392,0.8169014084507042,0.8493773946360154,0.6184738955823293,5,0.09236947791164658,logistic_sourcebalanced_full,0.8313253012048193,207,0.7361111111111112,72,249,accept_0.70
0.736,167,17,0.907608695652174,184,0.8016528925619835,0.8960481099656358,0.9014084507042254,0.8872395833333333,0.668,1,0.068,logistic_sourcebalanced_full,0.848,212,0.6818181818181818,66,250,accept_0.75
0.76,164,26,0.8631578947368421,190,0.7933884297520661,0.8354166666666667,0.9154929577464789,0.8033333333333333,0.656,2,0.104,logistic_sourcebalanced_full,0.792,198,0.5666666666666667,60,250,accept_0.75
0.732,166,17,0.907103825136612,183,0.8016528925619835,0.8939862542955327,0.9014084507042254,0.8596354166666667,0.664,3,0.068,logistic_sourcebalanced_full,0.816,204,0.5671641791044776,67,250,accept_0.75
0.76,169,21,0.8894736842105263,190,0.8130081300813008,0.8816666666666667,0.8472222222222222,0.8747853239656518,0.676,4,0.084,logistic_sourcebalanced_full,0.824,206,0.6166666666666667,60,250,accept_0.75
0.7630522088353414,166,24,0.8736842105263158,190,0.8114754098360656,0.8764309764309764,0.8732394366197183,0.8491487455197133,0.6666666666666666,5,0.0963855421686747,logistic_sourcebalanced_full,0.8313253012048193,207,0.6949152542372882,59,249,accept_0.75
0.792,180,18,0.9090909090909091,198,0.8429752066115702,0.8962418300653595,0.9154929577464789,0.8867765567765568,0.72,1,0.072,logistic_sourcebalanced_full,0.848,212,0.6153846153846154,52,250,accept_0.80
0.8,169,31,0.845,200,0.859504132231405,0.8080128205128205,0.9577464788732394,0.7786764705882353,0.676,2,0.124,logistic_sourcebalanced_full,0.792,198,0.58,50,250,accept_0.80
0.792,176,22,0.8888888888888888,198,0.859504132231405,0.8751602564102564,0.9295774647887324,0.8532828282828283,0.704,3,0.088,logistic_sourcebalanced_full,0.816,204,0.5384615384615384,52,250,accept_0.80
0.808,179,23,0.8861386138613861,202,0.8536585365853658,0.8793650793650793,0.8611111111111112,0.8692780337941628,0.716,4,0.092,logistic_sourcebalanced_full,0.824,206,0.5625,48,250,accept_0.80
0.8112449799196787,175,27,0.8663366336633663,202,0.860655737704918,0.8647619047619047,0.9436619718309859,0.8307628524046434,0.7028112449799196,5,0.10843373493975904,logistic_sourcebalanced_full,0.8313253012048193,207,0.6808510638297872,47,249,accept_0.80
0.832,186,22,0.8942307692307693,208,0.8842975206611571,0.8761682242990654,0.9295774647887324,0.8645021645021645,0.744,1,0.088,logistic_sourcebalanced_full,0.848,212,0.6190476190476191,42,250,accept_0.85
0.848,176,36,0.8301886792452831,212,0.8925619834710744,0.7932098765432098,0.9859154929577465,0.7578571428571429,0.704,2,0.144,logistic_sourcebalanced_full,0.792,198,0.5789473684210527,38,250,accept_0.85
0.828,183,24,0.8840579710144928,207,0.8925619834710744,0.865895061728395,0.9436619718309859,0.8430348258706468,0.732,3,0.096,logistic_sourcebalanced_full,0.816,204,0.4883720930232558,43,250,accept_0.85
0.872,188,30,0.8623853211009175,218,0.9105691056910569,0.8483630952380953,0.9166666666666666,0.8234126984126984,0.752,4,0.12,logistic_sourcebalanced_full,0.824,206,0.5625,32,250,accept_0.85
0.8714859437751004,188,29,0.8663594470046083,217,0.9098360655737705,0.8660660660660661,0.971830985915493,0.8250402576489533,0.7550200803212851,5,0.11646586345381527,logistic_sourcebalanced_full,0.8313253012048193,207,0.59375,32,249,accept_0.85
0.896,195,29,0.8705357142857143,224,0.9338842975206612,0.8547197640117994,0.9577464788732394,0.8347975553857907,0.78,1,0.116,logistic_sourcebalanced_full,0.848,212,0.6538461538461539,26,250,accept_0.90
0.908,187,40,0.8237885462555066,227,0.9338842975206612,0.7789085545722714,0.9859154929577465,0.7492176870748299,0.748,2,0.16,logistic_sourcebalanced_full,0.792,198,0.4782608695652174,23,250,accept_0.90
0.864,189,27,0.875,216,0.9173553719008265,0.8605105105105105,0.9577464788732394,0.8313725490196079,0.756,3,0.108,logistic_sourcebalanced_full,0.816,204,0.4411764705882353,34,250,accept_0.90
0.912,195,33,0.8552631578947368,228,0.9512195121951219,0.8388888888888889,0.9722222222222222,0.8049319727891157,0.78,4,0.132,logistic_sourcebalanced_full,0.824,206,0.5,22,250,accept_0.90
0.9236947791164659,198,32,0.8608695652173913,230,0.9344262295081968,0.8568713450292398,0.9859154929577465,0.8090702947845805,0.7951807228915663,5,0.1285140562248996,logistic_sourcebalanced_full,0.8313253012048193,207,0.47368421052631576,19,249,accept_0.90
0.68,158,12,0.9294117647058824,170,0.7768595041322314,0.8968085106382979,0.8732394366197183,0.8908602150537634,0.632,1,0.048,histgb_sourcebalanced_full,0.848,212,0.675,80,250,accept_0.70
0.748,162,25,0.8663101604278075,187,0.8347107438016529,0.8328382838283829,0.9436619718309859,0.8281094527363184,0.648,2,0.1,histgb_sourcebalanced_full,0.792,198,0.5714285714285714,63,250,accept_0.70
0.712,159,19,0.8932584269662921,178,0.7851239669421488,0.8835087719298246,0.9014084507042254,0.8671875,0.636,3,0.076,histgb_sourcebalanced_full,0.816,204,0.625,72,250,accept_0.70
0.656,151,13,0.9207317073170732,164,0.7886178861788617,0.9134020618556701,0.8472222222222222,0.9016393442622951,0.604,4,0.052,histgb_sourcebalanced_full,0.824,206,0.6395348837209303,86,250,accept_0.70
0.7068273092369478,158,18,0.8977272727272727,176,0.8524590163934426,0.8870192307692307,0.9154929577464789,0.8592307692307692,0.6345381526104418,5,0.07228915662650602,histgb_sourcebalanced_full,0.8313253012048193,207,0.6712328767123288,73,249,accept_0.70
0.74,169,16,0.9135135135135135,185,0.8181818181818182,0.8905723905723906,0.9154929577464789,0.8780885780885781,0.676,1,0.064,histgb_sourcebalanced_full,0.848,212,0.6615384615384615,65,250,accept_0.75
0.792,170,28,0.8585858585858586,198,0.859504132231405,0.8184294871794872,0.9436619718309859,0.8234896943852168,0.68,2,0.112,histgb_sourcebalanced_full,0.792,198,0.5384615384615384,52,250,accept_0.75
0.736,165,19,0.8967391304347826,184,0.8016528925619835,0.8859106529209622,0.9154929577464789,0.8717948717948718,0.66,3,0.076,histgb_sourcebalanced_full,0.816,204,0.5909090909090909,66,250,accept_0.75
0.736,168,16,0.9130434782608695,184,0.8211382113821138,0.9084158415841584,0.8472222222222222,0.9026541764246683,0.672,4,0.064,histgb_sourcebalanced_full,0.824,206,0.5757575757575758,66,250,accept_0.75
0.7469879518072289,168,18,0.9032258064516129,186,0.860655737704918,0.8949206349206349,0.9295774647887324,0.8732323232323232,0.6746987951807228,5,0.07228915662650602,histgb_sourcebalanced_full,0.8313253012048193,207,0.6190476190476191,63,249,accept_0.75
0.784,179,17,0.9132653061224489,196,0.8347107438016529,0.900990099009901,0.9154929577464789,0.8857808857808858,0.716,1,0.068,histgb_sourcebalanced_full,0.848,212,0.6111111111111112,54,250,accept_0.80
0.832,176,32,0.8461538461538461,208,0.8925619834710744,0.7996913580246914,0.9436619718309859,0.807320540156361,0.704,2,0.128,histgb_sourcebalanced_full,0.792,198,0.5238095238095238,42,250,accept_0.80
0.776,172,22,0.8865979381443299,194,0.8347107438016529,0.8780528052805281,0.9295774647887324,0.8573232323232324,0.688,3,0.088,histgb_sourcebalanced_full,0.816,204,0.5714285714285714,56,250,accept_0.80
0.796,180,19,0.9045226130653267,199,0.8780487804878049,0.8989197530864198,0.8888888888888888,0.8902901785714286,0.72,4,0.076,histgb_sourcebalanced_full,0.824,206,0.5098039215686274,51,250,accept_0.80
0.8152610441767069,181,22,0.8916256157635468,203,0.9098360655737705,0.8840840840840841,0.9577464788732394,0.856454248366013,0.7269076305220884,5,0.08835341365461848,histgb_sourcebalanced_full,0.8313253012048193,207,0.5652173913043478,46,249,accept_0.80
0.832,188,20,0.9038461538461539,208,0.8512396694214877,0.8956310679611651,0.9154929577464789,0.8780885780885781,0.752,1,0.08,histgb_sourcebalanced_full,0.848,212,0.5714285714285714,42,250,accept_0.85
0.884,185,36,0.8371040723981901,221,0.9338842975206612,0.7942477876106194,0.971830985915493,0.7906832298136646,0.74,2,0.144,histgb_sourcebalanced_full,0.792,198,0.4482758620689655,29,250,accept_0.85
0.82,181,24,0.8829268292682927,205,0.8925619834710744,0.8766975308641975,0.9577464788732394,0.8480392156862745,0.724,3,0.096,histgb_sourcebalanced_full,0.816,204,0.5111111111111111,45,250,accept_0.85
0.864,188,28,0.8703703703703703,216,0.9024390243902439,0.8555555555555555,0.9305555555555556,0.8290334044065387,0.752,4,0.112,histgb_sourcebalanced_full,0.824,206,0.5294117647058824,34,250,accept_0.85
0.8514056224899599,188,24,0.8867924528301887,212,0.9180327868852459,0.8806547619047619,0.9577464788732394,0.8521475256769374,0.7550200803212851,5,0.0963855421686747,histgb_sourcebalanced_full,0.8313253012048193,207,0.5135135135135135,37,249,accept_0.85
0.908,200,27,0.8810572687224669,227,0.9090909090909091,0.8810606060606061,0.9436619718309859,0.8652742779608451,0.8,1,0.108,histgb_sourcebalanced_full,0.848,212,0.5217391304347826,23,250,accept_0.90
0.94,191,44,0.8127659574468085,235,0.9752066115702479,0.7628531073446327,0.9859154929577465,0.7605102040816326,0.764,2,0.176,histgb_sourcebalanced_full,0.792,198,0.4666666666666667,15,250,accept_0.90
0.844,184,27,0.8720379146919431,211,0.9008264462809917,0.8701834862385321,0.9577464788732394,0.8377450980392157,0.736,3,0.108,histgb_sourcebalanced_full,0.816,204,0.5128205128205128,39,250,accept_0.90
0.912,195,33,0.8552631578947368,228,0.9186991869918699,0.8442477876106195,0.9444444444444444,0.8082633053221289,0.78,4,0.132,histgb_sourcebalanced_full,0.824,206,0.5,22,250,accept_0.90
0.8995983935742972,195,29,0.8705357142857143,224,0.9344262295081968,0.8681286549707602,0.971830985915493,0.8309408787669658,0.7831325301204819,5,0.11646586345381527,histgb_sourcebalanced_full,0.8313253012048193,207,0.48,25,249,accept_0.90
0.708,165,12,0.9322033898305084,177,0.7768595041322314,0.9166666666666666,0.8450704225352113,0.9095959595959596,0.66,1,0.048,lightgbm_sourcebalanced_full,0.848,212,0.6438356164383562,73,250,accept_0.70
0.724,158,23,0.8729281767955801,181,0.8347107438016529,0.8346534653465346,0.9295774647887324,0.8292929292929293,0.632,2,0.092,lightgbm_sourcebalanced_full,0.792,198,0.5797101449275363,69,250,accept_0.70
0.672,155,13,0.9226190476190477,168,0.7520661157024794,0.9062271062271062,0.8873239436619719,0.8783068783068783,0.62,3,0.052,lightgbm_sourcebalanced_full,0.816,204,0.5975609756097561,82,250,accept_0.70
0.7,162,13,0.9257142857142857,175,0.8048780487804879,0.9267676767676768,0.8194444444444444,0.9191283292978208,0.648,4,0.052,lightgbm_sourcebalanced_full,0.824,206,0.5866666666666667,75,250,accept_0.70
0.6987951807228916,158,16,0.9080459770114943,174,0.8360655737704918,0.9081699346405229,0.9154929577464789,0.8802564102564102,0.6345381526104418,5,0.0642570281124498,lightgbm_sourcebalanced_full,0.8313253012048193,207,0.6533333333333333,75,249,accept_0.70
0.752,173,15,0.9202127659574468,188,0.8016528925619835,0.9054982817869416,0.8732394366197183,0.8936950146627566,0.692,1,0.06,lightgbm_sourcebalanced_full,0.848,212,0.6290322580645161,62,250,accept_0.75
0.796,168,31,0.8442211055276382,199,0.8760330578512396,0.8061320754716981,0.9436619718309859,0.8018479033404406,0.672,2,0.124,lightgbm_sourcebalanced_full,0.792,198,0.5882352941176471,51,250,accept_0.75
0.7,159,16,0.9085714285714286,175,0.7768595041322314,0.8929078014184397,0.9154929577464789,0.8615384615384616,0.636,3,0.064,lightgbm_sourcebalanced_full,0.816,204,0.6,75,250,accept_0.75
0.752,170,18,0.9042553191489362,188,0.8292682926829268,0.8995098039215687,0.8611111111111112,0.8827188940092165,0.68,4,0.072,lightgbm_sourcebalanced_full,0.824,206,0.5806451612903226,62,250,accept_0.75
0.751004016064257,169,18,0.9037433155080213,187,0.8852459016393442,0.894753086419753,0.9436619718309859,0.8614427860696517,0.678714859437751,5,0.07228915662650602,lightgbm_sourcebalanced_full,0.8313253012048193,207,0.6129032258064516,62,249,accept_0.75
0.792,180,18,0.9090909090909091,198,0.8429752066115702,0.8978758169934641,0.9154929577464789,0.8801398601398601,0.72,1,0.072,lightgbm_sourcebalanced_full,0.848,212,0.6153846153846154,52,250,accept_0.80
0.832,174,34,0.8365384615384616,208,0.8925619834710744,0.8027777777777778,0.9577464788732394,0.8042717086834734,0.696,2,0.136,lightgbm_sourcebalanced_full,0.792,198,0.5714285714285714,42,250,accept_0.80
0.752,168,20,0.8936170212765957,188,0.8264462809917356,0.8843333333333333,0.9436619718309859,0.8557213930348259,0.672,3,0.08,lightgbm_sourcebalanced_full,0.816,204,0.5806451612903226,62,250,accept_0.80
0.812,180,23,0.8866995073891626,203,0.8617886178861789,0.8842767295597485,0.8888888888888888,0.8702380952380953,0.72,4,0.092,lightgbm_sourcebalanced_full,0.824,206,0.5531914893617021,47,250,accept_0.80
0.8152610441767069,184,19,0.9064039408866995,203,0.9180327868852459,0.8895833333333333,0.9577464788732394,0.8607843137254902,0.7389558232931727,5,0.07630522088353414,lightgbm_sourcebalanced_full,0.8313253012048193,207,0.5,46,249,accept_0.80
0.844,189,22,0.8957345971563981,211,0.8760330578512396,0.889937106918239,0.9295774647887324,0.8716023875114784,0.756,1,0.088,lightgbm_sourcebalanced_full,0.848,212,0.5897435897435898,39,250,accept_0.85
0.86,179,36,0.8325581395348837,215,0.9256198347107438,0.7964285714285714,0.9577464788732394,0.7969187675070029,0.716,2,0.144,lightgbm_sourcebalanced_full,0.792,198,0.5428571428571428,35,250,accept_0.85
0.808,181,21,0.8960396039603961,202,0.8925619834710744,0.8882716049382716,0.9577464788732394,0.8561274509803921,0.724,3,0.084,lightgbm_sourcebalanced_full,0.816,204,0.4791666666666667,48,250,accept_0.85
0.884,194,27,0.8778280542986425,221,0.9024390243902439,0.8677177177177177,0.9166666666666666,0.8433621933621933,0.776,4,0.108,lightgbm_sourcebalanced_full,0.824,206,0.41379310344827586,29,250,accept_0.85
0.8554216867469879,191,22,0.8967136150234741,213,0.9180327868852459,0.8866071428571428,0.9577464788732394,0.8599089635854342,0.7670682730923695,5,0.08835341365461848,lightgbm_sourcebalanced_full,0.8313253012048193,207,0.4444444444444444,36,249,accept_0.85
0.884,198,23,0.8959276018099548,221,0.8925619834710744,0.8939814814814815,0.9436619718309859,0.8759707953737804,0.792,1,0.092,lightgbm_sourcebalanced_full,0.848,212,0.4827586206896552,29,250,accept_0.90
0.932,189,44,0.8111587982832618,233,0.9752066115702479,0.7586158192090395,1.0,0.750972501676727,0.756,2,0.176,lightgbm_sourcebalanced_full,0.792,198,0.5294117647058824,17,250,accept_0.90
0.852,187,26,0.8779342723004695,213,0.9173553719008265,0.8732732732732733,0.971830985915493,0.8442028985507246,0.748,3,0.104,lightgbm_sourcebalanced_full,0.816,204,0.4594594594594595,37,250,accept_0.90
0.928,197,35,0.8491379310344828,232,0.943089430894309,0.8353448275862069,0.9583333333333334,0.8037957211870256,0.788,4,0.14,lightgbm_sourcebalanced_full,0.824,206,0.5,18,250,accept_0.90
0.9076305220883534,200,26,0.8849557522123894,226,0.9426229508196722,0.8736231884057971,0.971830985915493,0.8385898320680929,0.8032128514056225,5,0.10441767068273092,lightgbm_sourcebalanced_full,0.8313253012048193,207,0.30434782608695654,23,249,accept_0.90
0.716,163,16,0.9106145251396648,179,0.8016528925619835,0.8934707903780069,0.8591549295774648,0.8743169398907104,0.652,1,0.064,exact_score_rethreshold,0.848,212,0.6901408450704225,71,250,accept_0.70
0.704,153,23,0.8693181818181818,176,0.7768595041322314,0.8457446808510638,0.8732394366197183,0.8391705069124424,0.612,2,0.092,exact_score_rethreshold,0.792,198,0.6081081081081081,74,250,accept_0.70
0.696,160,14,0.9195402298850575,174,0.7603305785123967,0.9240942028985507,0.8591549295774648,0.9043715846994536,0.64,3,0.056,exact_score_rethreshold,0.816,204,0.5789473684210527,76,250,accept_0.70
0.68,155,15,0.9117647058823529,170,0.7398373983739838,0.915018315018315,0.8055555555555556,0.899055829228243,0.62,4,0.06,exact_score_rethreshold,0.824,206,0.6375,80,250,accept_0.70
0.7068273092369478,160,16,0.9090909090909091,176,0.819672131147541,0.8941666666666667,0.9014084507042254,0.8666666666666667,0.642570281124498,5,0.0642570281124498,exact_score_rethreshold,0.8313253012048193,207,0.6438356164383562,73,249,accept_0.70
0.756,169,20,0.8941798941798942,189,0.8264462809917356,0.8838333333333334,0.8873239436619719,0.8707671957671957,0.676,1,0.08,exact_score_rethreshold,0.848,212,0.7049180327868853,61,250,accept_0.75
0.752,161,27,0.8563829787234043,188,0.8264462809917356,0.8216666666666667,0.9295774647887324,0.8135642135642136,0.644,2,0.108,exact_score_rethreshold,0.792,198,0.5967741935483871,62,250,accept_0.75
0.748,170,17,0.9090909090909091,187,0.8181818181818182,0.9144781144781144,0.9014084507042254,0.88828125,0.68,3,0.068,exact_score_rethreshold,0.816,204,0.5396825396825397,63,250,accept_0.75
0.724,164,17,0.9060773480662984,181,0.7804878048780488,0.9038194444444444,0.8333333333333334,0.8774206349206349,0.656,4,0.068,exact_score_rethreshold,0.824,206,0.6086956521739131,69,250,accept_0.75
0.7710843373493976,174,18,0.90625,192,0.8770491803278688,0.8886292834890965,0.9436619718309859,0.8626865671641791,0.6987951807228916,5,0.07228915662650602,exact_score_rethreshold,0.8313253012048193,207,0.5789473684210527,57,249,accept_0.75
0.812,181,22,0.8916256157635468,203,0.8677685950413223,0.8844444444444445,0.9014084507042254,0.8682291666666667,0.724,1,0.088,exact_score_rethreshold,0.848,212,0.6595744680851063,47,250,accept_0.80
0.804,171,30,0.8507462686567164,201,0.8512396694214877,0.8098705501618123,0.9436619718309859,0.7976901208244492,0.684,2,0.12,exact_score_rethreshold,0.792,198,0.5510204081632653,49,250,accept_0.80
0.796,177,22,0.8894472361809045,199,0.8677685950413223,0.8987301587301587,0.9577464788732394,0.8615546218487395,0.708,3,0.088,exact_score_rethreshold,0.816,204,0.5294117647058824,51,250,accept_0.80
0.784,172,24,0.8775510204081632,196,0.8373983739837398,0.876051779935275,0.875,0.8435752078609221,0.688,4,0.096,exact_score_rethreshold,0.824,206,0.6296296296296297,54,250,accept_0.80
0.8072289156626506,181,20,0.900497512437811,201,0.9016393442622951,0.8856060606060606,0.9577464788732394,0.8580882352941176,0.7269076305220884,5,0.08032128514056225,exact_score_rethreshold,0.8313253012048193,207,0.5416666666666666,48,249,accept_0.80
0.876,194,25,0.8858447488584474,219,0.9173553719008265,0.8815315315315315,0.9436619718309859,0.8675130839309944,0.776,1,0.1,exact_score_rethreshold,0.848,212,0.5806451612903226,31,250,accept_0.85
0.856,180,34,0.8411214953271028,214,0.9173553719008265,0.7924924924924925,0.971830985915493,0.7849551414768806,0.72,2,0.136,exact_score_rethreshold,0.792,198,0.5,36,250,accept_0.85
0.836,185,24,0.8851674641148325,209,0.9008264462809917,0.8840978593272171,0.971830985915493,0.8418219461697722,0.74,3,0.096,exact_score_rethreshold,0.816,204,0.4634146341463415,41,250,accept_0.85
0.836,180,29,0.861244019138756,209,0.8861788617886179,0.8599388379204893,0.9166666666666666,0.8418470418470418,0.72,4,0.116,exact_score_rethreshold,0.824,206,0.6341463414634146,41,250,accept_0.85
0.8473895582329317,189,22,0.8957345971563981,211,0.9344262295081968,0.8742690058479532,0.971830985915493,0.8427536231884057,0.7590361445783133,5,0.08835341365461848,exact_score_rethreshold,0.8313253012048193,207,0.47368421052631576,38,249,accept_0.85
0.912,200,28,0.8771929824561403,228,0.9421487603305785,0.8713450292397661,0.9436619718309859,0.8552884926019254,0.8,1,0.112,exact_score_rethreshold,0.848,212,0.5454545454545454,22,250,accept_0.90
0.908,188,39,0.8281938325991189,227,0.9586776859504132,0.7798850574712644,0.9859154929577465,0.7817006802721088,0.752,2,0.156,exact_score_rethreshold,0.792,198,0.43478260869565216,23,250,accept_0.90
0.884,190,31,0.8597285067873304,221,0.9338842975206612,0.8569321533923304,0.971830985915493,0.8186335403726708,0.76,3,0.124,exact_score_rethreshold,0.816,204,0.4827586206896552,29,250,accept_0.90
0.892,190,33,0.852017937219731,223,0.943089430894309,0.8382183908045977,0.9722222222222222,0.8135034013605442,0.76,4,0.132,exact_score_rethreshold,0.824,206,0.5925925925925926,27,250,accept_0.90
0.9076305220883534,197,29,0.8716814159292036,226,0.9672131147540983,0.8559322033898306,0.9859154929577465,0.8124603174603174,0.7911646586345381,5,0.11646586345381527,exact_score_rethreshold,0.8313253012048193,207,0.43478260869565216,23,249,accept_0.90
0.728,163,19,0.8956043956043956,182,0.8181818181818182,0.8796296296296297,0.8732394366197183,0.8666666666666667,0.652,1,0.076,old_exact_gate,0.848,212,0.7205882352941176,68,250,frozen_threshold
0.728,156,26,0.8571428571428571,182,0.8181818181818182,0.8232323232323232,0.9154929577464789,0.8106959706959707,0.624,2,0.104,old_exact_gate,0.792,198,0.6176470588235294,68,250,frozen_threshold
0.728,165,17,0.9065934065934066,182,0.7851239669421488,0.9203508771929825,0.8873239436619719,0.8978835978835978,0.66,3,0.068,old_exact_gate,0.816,204,0.5735294117647058,68,250,frozen_threshold
0.7,156,19,0.8914285714285715,175,0.7560975609756098,0.9007168458781362,0.8194444444444444,0.8711057304277643,0.624,4,0.076,old_exact_gate,0.824,206,0.6666666666666666,75,250,frozen_threshold
0.7269076305220884,165,16,0.9116022099447514,181,0.8360655737704918,0.9011437908496732,0.9014084507042254,0.8744791666666667,0.6626506024096386,5,0.0642570281124498,old_exact_gate,0.8313253012048193,207,0.6176470588235294,68,249,frozen_threshold
